City,Lat,lng,Max Temp,Humidity,Cloudiness,Wind Speed,Country,Date
nishihara,26.1842,127.7558,15.0,67.0,90.0,5.14,JP,1610837380.0
busselton,-33.65,115.3333,16.67,72.0,0.0,2.24,AU,1610837380.0
vardo,70.3705,31.1107,1.76,86.0,100.0,7.96,NO,1610837380.0
ust-nera,64.5667,143.2,-35.44,74.0,100.0,1.9,RU,1610837380.0
port hardy,50.6996,-127.4199,7.0,87.0,90.0,8.23,CA,1610837380.0
gao,16.6362,1.637,21.31,20.0,4.0,3.27,ML,1610837380.0
caravelas,-17.7125,-39.2481,24.42,84.0,98.0,2.81,BR,1610837380.0
punta arenas,-53.15,-70.9167,12.0,82.0,90.0,9.77,CL,1610837206.0
faanui,-16.4833,-151.75,27.61,76.0,2.0,5.83,PF,1610837380.0
mujiayingzi,42.1167,118.7833,-20.96,82.0,9.0,4.04,CN,1610837380.0
constitucion,-35.3333,-72.4167,18.56,57.0,0.0,7.73,CL,1610837381.0
ewa beach,21.3156,-158.0072,27.0,65.0,1.0,4.12,US,1610837381.0
aykhal,66.0,111.5,-36.21,80.0,100.0,2.54,RU,1610837381.0
jamestown,42.097,-79.2353,0.56,86.0,90.0,4.63,US,1610837381.0
yellowknife,62.456,-114.3525,-20.0,77.0,75.0,3.09,CA,1610837381.0
matara,5.9485,80.5353,23.79,88.0,100.0,3.11,LK,1610837381.0
puerto ayora,-0.7393,-90.3518,27.0,69.0,40.0,5.66,EC,1610837381.0
rikitea,-23.1203,-134.9692,26.05,68.0,1.0,3.01,PF,1610837381.0
sola,-13.8833,167.55,27.12,83.0,100.0,4.31,VU,1610837381.0
nuevo ideal,24.8875,-105.0728,20.34,23.0,28.0,5.47,MX,1610837111.0
albany,42.6001,-73.9662,3.33,77.0,99.0,3.13,US,1610837126.0
nyurba,63.2842,118.3319,-43.75,77.0,86.0,2.55,RU,1610837381.0
bredasdorp,-34.5322,20.0403,16.0,88.0,0.0,0.51,ZA,1610837381.0
torbay,47.6666,-52.7314,0.56,93.0,90.0,11.32,CA,1610837381.0
ondjiva,-17.0667,15.7333,21.58,36.0,47.0,4.59,AO,1610837381.0
rocha,-34.4833,-54.3333,20.9,86.0,20.0,2.93,UY,1610837381.0
pemangkat,1.1667,108.9667,25.24,88.0,100.0,4.55,ID,1610837382.0
port hedland,-20.3167,118.5667,31.0,45.0,83.0,6.17,AU,1610837382.0
atuona,-9.8,-139.0333,25.4,79.0,6.0,6.86,PF,1610837382.0
souillac,-20.5167,57.5167,26.0,89.0,40.0,3.6,MU,1610837382.0
avarua,-21.2078,-159.775,30.0,70.0,58.0,3.6,CK,1610837382.0
tautira,-17.7333,-149.15,29.0,65.0,40.0,4.12,PF,1610837382.0
qandala,11.472,49.8728,23.6,63.0,1.0,1.3,SO,1610837382.0
victoria,22.2855,114.1577,15.56,80.0,57.0,6.55,HK,1610837273.0
qaanaaq,77.484,-69.3632,-15.1,85.0,78.0,2.8,GL,1610837382.0
gerash,27.6652,54.1371,10.25,44.0,0.0,1.93,IR,1610837382.0
beachwood,41.4645,-81.5087,1.0,93.0,75.0,5.66,US,1610837346.0
cabo san lucas,22.8909,-109.9124,25.56,29.0,1.0,4.63,MX,1610837371.0
flinders,-34.5833,150.8552,21.67,58.0,3.0,1.79,AU,1610837382.0
freeport,40.6576,-73.5832,7.22,61.0,75.0,5.66,US,1610837147.0
kapaa,22.0752,-159.319,26.0,78.0,1.0,5.14,US,1610837382.0
saskylakh,71.9167,114.0833,-26.86,87.0,100.0,3.34,RU,1610837383.0
hamilton,39.1834,-84.5333,1.11,86.0,90.0,4.12,US,1610837322.0
derzhavinsk,51.1,66.3167,-10.24,97.0,91.0,5.62,KZ,1610837383.0
narsaq,60.9167,-46.05,-8.0,53.0,75.0,4.63,GL,1610837383.0
diego de almagro,-26.3667,-70.05,20.37,40.0,0.0,4.28,CL,1610837383.0
hasaki,35.7333,140.8333,4.0,56.0,75.0,3.09,JP,1610837388.0
gamba,-2.65,10.0,25.69,84.0,100.0,2.33,GA,1610837388.0
saint-leu,-21.15,55.2833,26.0,73.0,40.0,2.57,RE,1610837388.0
hovd,48.0056,91.6419,-19.38,84.0,18.0,0.72,MN,1610837388.0
cape town,-33.9258,18.4232,18.89,88.0,0.0,2.06,ZA,1610837388.0
provideniya,64.3833,-173.3,-20.25,84.0,100.0,4.36,RU,1610837388.0
ahipara,-35.1667,173.1667,23.35,67.0,42.0,5.96,NZ,1610837388.0
whitehorse,60.7161,-135.0538,-3.0,80.0,75.0,7.72,CA,1610837239.0
tromso,69.6496,18.957,1.11,93.0,75.0,1.54,NO,1610837388.0
camana,-16.6228,-72.7111,22.45,71.0,62.0,3.13,PE,1610837389.0
sorong,-0.8833,131.25,26.58,81.0,100.0,2.88,ID,1610837389.0
poli,-3.3333,36.8,15.75,92.0,1.0,1.66,TZ,1610837389.0
kahului,20.8947,-156.47,31.0,37.0,20.0,1.54,US,1610837389.0
thompson,55.7435,-97.8558,-10.0,92.0,75.0,4.12,CA,1610837202.0
lebu,-37.6167,-73.65,15.04,79.0,0.0,7.96,CL,1610837389.0
rabo de peixe,37.8,-25.5833,16.67,94.0,75.0,6.17,PT,1610837389.0
port alfred,-33.5906,26.891,20.56,83.0,8.0,4.02,ZA,1610837228.0
aborlan,9.4352,118.5492,25.0,88.0,90.0,2.06,PH,1610837389.0
mataura,-46.1927,168.8643,21.11,49.0,98.0,6.71,NZ,1610837389.0
akdepe,42.0551,59.3788,-2.0,93.0,25.0,4.12,TM,1610837389.0
ushuaia,-54.8,-68.3,14.0,62.0,75.0,8.23,AR,1610837359.0
hilo,19.7297,-155.09,28.0,57.0,75.0,5.14,US,1610837389.0
vaini,-21.2,-175.2,30.0,79.0,75.0,4.12,TO,1610837389.0
iqaluit,63.7506,-68.5145,-18.0,71.0,75.0,7.72,CA,1610837389.0
butaritari,3.0707,172.7902,27.21,74.0,70.0,9.51,KI,1610837389.0
bluff,-46.6,168.3333,21.11,49.0,98.0,6.71,NZ,1610837390.0
great falls,47.5002,-111.3008,7.0,24.0,1.0,4.63,US,1610837126.0
watsa,3.0372,29.5355,18.25,72.0,42.0,0.79,CD,1610837390.0
port elizabeth,-33.918,25.5701,20.0,83.0,75.0,9.77,ZA,1610837390.0
beloha,-25.1667,45.05,23.98,79.0,38.0,1.13,MG,1610837390.0
bathsheba,13.2167,-59.5167,26.0,65.0,20.0,6.17,BB,1610837390.0
new norfolk,-42.7826,147.0587,12.78,65.0,100.0,2.24,AU,1610837390.0
taoudenni,22.6783,-3.9836,14.23,30.0,0.0,5.36,ML,1610837390.0
ilulissat,69.2167,-51.1,-9.0,41.0,1.0,2.57,GL,1610837390.0
ann arbor,42.2776,-83.7409,-0.56,80.0,90.0,2.06,US,1610837346.0
barrow,71.2906,-156.7887,-18.0,78.0,90.0,9.77,US,1610837390.0
dwarka,22.2394,68.9678,19.94,52.0,0.0,5.13,IN,1610837390.0
mehran,33.1222,46.1646,5.0,65.0,40.0,1.03,IR,1610837391.0
cockburn town,21.4612,-71.1419,26.0,78.0,75.0,2.06,TC,1610837361.0
sawtell,-30.3833,153.1,24.0,53.0,21.0,4.63,AU,1610837391.0
balabac,7.9868,117.0645,26.36,84.0,100.0,5.37,PH,1610837391.0
porterville,36.0652,-119.0168,19.0,52.0,1.0,1.54,US,1610837334.0
ko samui,9.5357,99.9357,26.35,74.0,65.0,6.24,TH,1610837391.0
nemuro,43.3236,145.575,-5.84,88.0,42.0,6.27,JP,1610837396.0
klaksvik,62.2266,-6.589,5.0,100.0,20.0,1.03,FO,1610837396.0
erzurum,40.0,41.5,2.0,64.0,75.0,4.12,TR,1610837396.0
bubaque,11.2833,-15.8333,25.31,77.0,79.0,4.23,GW,1610837396.0
upernavik,72.7868,-56.1549,-11.88,84.0,0.0,3.55,GL,1610837396.0
saint george,37.1041,-113.5841,18.33,23.0,1.0,1.54,US,1610837107.0
najran,17.4924,44.1277,15.0,33.0,0.0,1.18,SA,1610837396.0
east london,-33.0153,27.9116,20.94,69.0,15.0,8.87,ZA,1610837396.0
garden city,42.3256,-83.331,1.0,74.0,90.0,5.66,US,1610837396.0
makakilo city,21.3469,-158.0858,27.0,65.0,1.0,4.12,US,1610837396.0
hermanus,-34.4187,19.2345,15.0,92.0,0.0,1.09,ZA,1610837397.0
bengkulu,-3.8004,102.2655,24.19,73.0,100.0,2.08,ID,1610837397.0
arraial do cabo,-22.9661,-42.0278,25.0,82.0,20.0,9.26,BR,1610837397.0
luanda,-8.8368,13.2343,25.0,88.0,20.0,4.63,AO,1610837353.0
antofagasta,-23.65,-70.4,21.0,56.0,40.0,5.14,CL,1610837163.0
berlevag,70.8578,29.0864,1.53,86.0,100.0,9.4,NO,1610837397.0
bongandanga,1.5,21.05,22.04,87.0,66.0,0.69,CD,1610837397.0
mar del plata,-38.0023,-57.5575,19.0,77.0,90.0,9.77,AR,1610837146.0
ribeira grande,38.5167,-28.7,17.23,90.0,99.0,7.23,PT,1610837397.0
cidreira,-30.1811,-50.2056,23.94,95.0,95.0,8.69,BR,1610837397.0
lata,40.1629,-8.3327,8.89,88.0,3.0,1.46,PT,1610837397.0
luderitz,-26.6481,15.1594,18.25,73.0,0.0,6.37,NA,1610837397.0
haines junction,60.7522,-137.5108,-6.0,93.0,100.0,1.41,CA,1610837397.0
saint-philippe,-21.3585,55.7679,26.0,73.0,40.0,2.57,RE,1610837397.0
kodiak,57.79,-152.4072,4.0,87.0,90.0,4.12,US,1610837397.0
bichura,50.5881,107.6022,-19.74,86.0,100.0,2.35,RU,1610837397.0
ranong,9.9658,98.6348,22.35,87.0,37.0,1.94,TH,1610837398.0
pangnirtung,66.1451,-65.7125,-10.21,92.0,100.0,0.99,CA,1610837398.0
beringovskiy,63.05,179.3167,-22.92,89.0,100.0,4.83,RU,1610837398.0
tiksi,71.6872,128.8694,-27.33,89.0,100.0,4.93,RU,1610837398.0
ust-omchug,61.15,149.6333,-37.93,76.0,55.0,2.39,RU,1610837398.0
tasiilaq,65.6145,-37.6368,-1.0,93.0,90.0,0.51,GL,1610837398.0
nicolas ruiz,16.4,-92.5333,23.0,68.0,40.0,9.26,MX,1610837398.0
gombong,-7.6072,109.5142,23.94,87.0,100.0,1.46,ID,1610837398.0
college,64.8569,-147.8028,-10.56,84.0,40.0,1.59,US,1610837398.0
carmo do paranaiba,-19.0008,-46.3161,21.11,100.0,93.0,1.65,BR,1610837398.0
padang,-0.9492,100.3543,23.0,94.0,20.0,0.51,ID,1610837398.0
pangai,-19.8,-174.35,27.62,79.0,47.0,4.35,TO,1610837398.0
mehamn,71.0357,27.8492,1.19,87.0,98.0,8.02,NO,1610837398.0
horsham,51.064,-0.3272,7.22,87.0,75.0,3.6,GB,1610837398.0
tuktoyaktuk,69.4541,-133.0374,-19.0,84.0,90.0,4.12,CA,1610837399.0
clyde river,70.4692,-68.5914,-16.0,85.0,90.0,5.66,CA,1610837399.0
evans,33.5337,-82.1307,7.22,53.0,82.0,1.79,US,1610837399.0
changji,44.0167,87.3167,-21.0,84.0,40.0,1.05,CN,1610837399.0
krasnoarmeyskiy,47.0114,42.2072,-7.95,94.0,47.0,1.97,RU,1610837399.0
bethel,41.3712,-73.414,4.0,81.0,40.0,2.57,US,1610837399.0
hailar,49.2,119.7,-22.79,91.0,100.0,0.59,CN,1610837399.0
atascadero,35.4894,-120.6707,23.89,33.0,0.0,0.89,US,1610837404.0
miri,4.4148,114.0089,24.0,100.0,40.0,1.54,MY,1610837404.0
pathein,16.7833,94.7333,16.69,84.0,0.0,1.01,MM,1610837404.0
esperance,-33.8667,121.9,14.0,67.0,54.0,3.09,AU,1610837404.0
alofi,-19.0595,-169.9187,31.0,62.0,67.0,3.6,NU,1610837404.0
kieta,-6.2167,155.6333,28.91,66.0,100.0,2.11,PG,1610837405.0
outjo,-20.1167,16.15,21.15,66.0,100.0,3.89,NA,1610837405.0
hoogeveen,52.6833,6.5833,-0.56,99.0,100.0,5.32,NL,1610837405.0
kaitangata,-46.2817,169.8464,19.44,75.0,100.0,1.79,NZ,1610837405.0
khatanga,71.9667,102.5,-32.25,83.0,47.0,3.24,RU,1610837405.0
asau,46.4333,26.4,-13.33,85.0,45.0,1.54,RO,1610837405.0
mount gambier,-37.8333,140.7667,15.0,72.0,71.0,3.6,AU,1610837405.0
boa viagem,-5.1275,-39.7322,26.9,56.0,86.0,0.1,BR,1610837406.0
wasilla,61.5814,-149.4394,2.22,48.0,90.0,9.26,US,1610837406.0
qasigiannguit,68.8193,-51.1922,-9.0,41.0,1.0,2.57,GL,1610837406.0
rodeo,38.033,-122.2669,23.0,35.0,1.0,2.06,US,1610837406.0
taltal,-25.4,-70.4833,19.31,67.0,6.0,2.12,CL,1610837406.0
mildura,-34.2,142.15,17.22,67.0,40.0,4.63,AU,1610837406.0
dikson,73.5069,80.5464,-34.47,79.0,3.0,4.79,RU,1610837406.0
svetlyy,54.675,20.1347,-18.0,85.0,0.0,4.0,RU,1610837406.0
verkhnevilyuysk,63.4453,120.3167,-43.36,77.0,86.0,2.27,RU,1610837406.0
bokhan,53.153,103.7714,-20.25,91.0,100.0,0.73,RU,1610837406.0
marawi,7.9986,124.2928,23.33,95.0,100.0,1.79,PH,1610837407.0
pisco,-13.7,-76.2167,24.0,64.0,40.0,8.23,PE,1610837407.0
matadi,-5.8167,13.45,23.65,84.0,81.0,1.06,CD,1610837407.0
hata,26.7461,83.7403,10.65,81.0,3.0,0.95,IN,1610837407.0
norman wells,65.282,-126.8329,-19.0,78.0,20.0,1.03,CA,1610837407.0
kununurra,-15.7667,128.7333,27.0,89.0,90.0,3.09,AU,1610837407.0
san patricio,28.017,-97.5169,19.0,27.0,1.0,5.66,US,1610837407.0
kanniyakumari,8.0833,77.5667,25.53,83.0,97.0,7.61,IN,1610837407.0
santa cruz del sur,20.7147,-77.9956,25.14,78.0,100.0,2.33,CU,1610837407.0
seoul,37.5683,126.9778,-10.0,78.0,0.0,0.51,KR,1610837302.0
hobart,-42.8794,147.3294,13.0,50.0,75.0,6.69,AU,1610837407.0
eureka,40.8021,-124.1637,12.78,93.0,90.0,3.09,US,1610837407.0
tamiahua,21.2667,-97.45,19.36,64.0,100.0,2.16,MX,1610837407.0
avera,33.194,-82.5271,7.0,45.0,1.0,3.6,US,1610837408.0
houma,29.5958,-90.7195,13.0,38.0,1.0,4.63,US,1610837319.0
prince rupert,54.3161,-130.3201,7.0,87.0,90.0,8.75,CA,1610837408.0
ukiah,39.1502,-123.2078,22.78,37.0,1.0,1.54,US,1610837408.0
chokurdakh,70.6333,147.9167,-26.59,88.0,100.0,5.49,RU,1610837408.0
salalah,17.0151,54.0924,20.0,28.0,0.0,2.57,OM,1610837408.0
sitka,57.0531,-135.33,7.0,65.0,90.0,11.32,US,1610837408.0
ponta do sol,32.6667,-17.1,13.33,65.0,54.0,0.89,PT,1610837408.0
harnosand,62.6323,17.9379,-9.0,86.0,90.0,1.54,SE,1610837408.0
carnarvon,-24.8667,113.6333,26.0,78.0,57.0,2.06,AU,1610837408.0
sabang,5.8933,95.3214,27.11,79.0,100.0,5.72,ID,1610837408.0
svetlogorsk,52.6333,29.7333,-19.0,91.0,56.0,1.98,BY,1610837408.0
gasa,31.5,34.4667,12.78,58.0,16.0,0.89,PS,1610837413.0
sherbrooke,45.4001,-71.8991,4.0,70.0,100.0,1.54,CA,1610837317.0
tacoronte,28.4769,-16.4102,17.22,82.0,40.0,1.54,ES,1610837414.0
dingle,10.9995,122.6711,24.09,92.0,99.0,5.24,PH,1610837414.0
marystown,47.1666,-55.1483,-1.55,94.0,16.0,4.79,CA,1610837414.0
khasan,42.4308,130.6434,-13.4,85.0,5.0,7.4,RU,1610837414.0
kungurtug,50.5994,97.5228,-17.86,88.0,100.0,0.57,RU,1610837414.0
abhaynagar,23.0129,89.4049,14.39,55.0,79.0,1.45,BD,1610837414.0
kruisfontein,-34.0033,24.7314,20.0,75.0,10.0,1.79,ZA,1610837414.0
maragogi,-9.0122,-35.2225,25.32,80.0,26.0,4.55,BR,1610837414.0
dholka,22.7167,72.4667,17.0,94.0,0.0,1.59,IN,1610837414.0
port lincoln,-34.7333,135.8667,18.1,70.0,87.0,5.1,AU,1610837414.0
chateau-thierry,49.05,3.4,1.11,96.0,100.0,0.89,FR,1610837414.0
chipinge,-20.1883,32.6236,19.81,88.0,79.0,1.32,ZW,1610837414.0
mayo,38.8876,-76.5119,7.22,49.0,90.0,2.57,US,1610837414.0
coihaique,-45.5752,-72.0662,18.0,55.0,40.0,3.6,CL,1610837415.0
airai,-8.9266,125.4092,16.98,100.0,100.0,0.66,TL,1610837415.0
tual,-5.6667,132.75,27.98,80.0,100.0,7.02,ID,1610837415.0
finnsnes,69.2296,17.9811,2.0,80.0,90.0,3.09,NO,1610837415.0
rio hato,8.3833,-80.1667,28.89,95.0,69.0,5.72,PA,1610837415.0
shingu,33.7333,135.9833,5.59,72.0,100.0,2.49,JP,1610837415.0
shache,38.4167,77.2406,-7.99,84.0,0.0,2.62,CN,1610837415.0
egvekinot,66.3167,-179.1667,-25.78,86.0,100.0,6.99,RU,1610837415.0
baykit,61.67,96.37,-33.79,79.0,100.0,1.55,RU,1610837415.0
sabha,27.0377,14.4283,8.23,49.0,0.0,3.05,LY,1610837415.0
grand gaube,-20.0064,57.6608,26.67,81.0,96.0,1.79,MU,1610837415.0
piacabucu,-10.4056,-36.4344,25.5,78.0,6.0,4.54,BR,1610837415.0
hithadhoo,-0.6,73.0833,27.22,76.0,100.0,5.11,MV,1610837415.0
gizo,-8.103,156.8419,29.29,70.0,86.0,4.4,SB,1610837416.0
honningsvag,70.9821,25.9704,2.73,80.0,99.0,6.65,NO,1610837416.0
castro,-24.7911,-50.0119,19.48,96.0,96.0,2.16,BR,1610837416.0
xichang,27.8964,102.2634,1.67,82.0,100.0,3.28,CN,1610837417.0
hilton head island,32.2163,-80.7526,10.0,34.0,20.0,6.69,US,1610837131.0
leningradskiy,69.3833,178.4167,-29.64,86.0,100.0,0.68,RU,1610837417.0
faya,18.3851,42.4509,12.0,82.0,0.0,3.09,SA,1610837417.0
novoagansk,61.9449,76.6625,-14.42,94.0,100.0,4.28,RU,1610837417.0
nanakuli,21.3906,-158.1547,27.0,65.0,1.0,4.12,US,1610837417.0
warangal,18.0,79.5833,18.1,83.0,18.0,2.5,IN,1610837417.0
itarema,-2.9248,-39.9167,26.26,81.0,0.0,6.12,BR,1610837417.0
gat,31.61,34.7642,12.78,58.0,21.0,0.89,IL,1610837417.0
kilindoni,-7.9139,39.6668,26.84,84.0,7.0,5.58,TZ,1610837417.0
yamada,39.4667,141.95,-1.25,91.0,56.0,2.64,JP,1610837417.0
srednekolymsk,67.45,153.6833,-37.32,79.0,96.0,1.74,RU,1610837417.0
ylivieska,64.0833,24.55,-7.31,98.0,70.0,1.77,FI,1610837417.0
zyryanka,65.75,150.85,-34.16,85.0,98.0,1.53,RU,1610837417.0
abu dhabi,24.4667,54.3667,16.0,88.0,0.0,1.03,AE,1610836839.0
labuan,5.2767,115.2417,22.0,94.0,40.0,5.66,MY,1610837418.0
tuntum,-5.2581,-44.6489,23.91,93.0,100.0,1.83,BR,1610837423.0
ostersund,63.1792,14.6357,-12.22,84.0,3.0,1.54,SE,1610837423.0
naryan-mar,67.6713,53.087,-22.94,83.0,86.0,1.23,RU,1610837423.0
broken hill,-31.95,141.4333,16.0,63.0,97.0,9.26,AU,1610837423.0
santiago del estero,-27.7951,-64.2615,22.22,82.0,91.0,1.34,AR,1610837423.0
kawalu,-7.3817,108.2082,21.99,86.0,100.0,0.86,ID,1610837423.0
lavrentiya,65.5833,-171.0,-22.59,85.0,100.0,4.18,RU,1610837423.0
baruun-urt,46.6806,113.2792,-20.11,85.0,100.0,5.0,MN,1610837423.0
pacific grove,36.6177,-121.9166,21.0,88.0,40.0,3.09,US,1610837423.0
tuim,54.3417,89.9261,-10.33,84.0,98.0,2.37,RU,1610837423.0
kualakapuas,-3.0091,114.3876,24.0,94.0,20.0,2.06,ID,1610837423.0
bam,29.106,58.357,8.67,39.0,0.0,1.06,IR,1610837424.0
sambava,-14.2667,50.1667,24.53,87.0,30.0,2.89,MG,1610837424.0
canton,23.1167,113.25,15.0,41.0,40.0,10.0,CN,1610837269.0
luganville,-15.5333,167.1667,27.95,72.0,100.0,0.69,VU,1610837424.0
kharp,66.8014,65.8081,-24.09,86.0,71.0,1.89,RU,1610837424.0
cherskiy,68.75,161.3,-29.71,87.0,100.0,1.72,RU,1610837424.0
cabedelo,-6.9811,-34.8339,26.0,78.0,20.0,5.66,BR,1610837424.0
sao jose da coroa grande,-8.8978,-35.1478,25.37,79.0,40.0,4.39,BR,1610837424.0
chuy,-33.6971,-53.4616,22.66,87.0,8.0,4.43,UY,1610837424.0
lardos,36.0942,28.0157,12.22,71.0,40.0,7.72,GR,1610837424.0
yulara,-25.2406,130.9889,20.0,45.0,77.0,7.72,AU,1610837424.0
sabla,12.7525,4.7077,22.62,20.0,35.0,4.33,NG,1610837424.0
vila franca do campo,37.7167,-25.4333,16.67,94.0,75.0,6.17,PT,1610837424.0
plettenberg bay,-34.0527,23.3716,18.4,82.0,11.0,3.62,ZA,1610837424.0
abyek,36.0667,50.55,5.0,52.0,0.0,7.2,IR,1610837425.0
ribeira brava,32.65,-17.0667,13.33,84.0,57.0,1.79,PT,1610837425.0
broome,42.2506,-75.833,0.56,86.0,75.0,2.57,US,1610837425.0
kloulklubed,7.0419,134.2556,27.0,83.0,75.0,1.54,PW,1610837425.0
bandarbeyla,9.4942,50.8122,23.11,77.0,0.0,6.28,SO,1610837425.0
thinadhoo,0.5333,72.9333,27.14,74.0,68.0,5.22,MV,1610837425.0
bonavista,48.6499,-53.1147,0.0,93.0,97.0,2.57,CA,1610837425.0
crixas,-14.5489,-49.9692,23.32,82.0,100.0,2.14,BR,1610837425.0
namtsy,62.7161,129.6658,-45.0,65.0,90.0,1.7,RU,1610837425.0
kavieng,-2.5744,150.7967,28.96,76.0,39.0,8.37,PG,1610837425.0
bambanglipuro,-7.95,110.2833,24.52,84.0,99.0,1.92,ID,1610837426.0
praia da vitoria,38.7333,-27.0667,17.0,88.0,40.0,6.38,PT,1610837426.0
sonoita,31.85,-112.8333,25.0,10.0,0.0,0.45,MX,1610837171.0
eyl,7.9803,49.8164,22.79,75.0,0.0,5.85,SO,1610837426.0
gravdal,68.1214,13.5031,2.8,82.0,87.0,0.24,NO,1610837426.0
itoman,26.1247,127.6694,15.0,82.0,75.0,10.29,JP,1610837426.0
deputatskiy,69.3,139.9,-29.73,89.0,100.0,1.21,RU,1610837426.0
qingdao,36.0986,120.3719,-2.78,79.0,0.0,2.0,CN,1610837426.0
amudat,1.95,34.95,20.13,67.0,65.0,1.19,UG,1610837426.0
marzuq,14.4,46.4667,13.67,53.0,0.0,0.88,YE,1610837426.0
georgetown,5.4112,100.3354,26.11,94.0,40.0,2.62,MY,1610837309.0
mugur-aksy,50.35,90.5,-13.16,67.0,16.0,2.01,RU,1610837431.0
menongue,-14.6585,17.691,17.13,71.0,93.0,1.16,AO,1610837431.0
longyearbyen,78.2186,15.6401,-8.0,86.0,75.0,5.14,SJ,1610837431.0
takaka,-40.85,172.8,18.33,91.0,82.0,5.36,NZ,1610837432.0
dekar,-21.5333,21.9333,24.54,66.0,100.0,2.67,BW,1610837432.0
dostpur,26.2833,82.4667,9.24,63.0,59.0,1.11,IN,1610837432.0
korla,41.7597,86.1469,-9.08,82.0,0.0,3.11,CN,1610837432.0
alice springs,-23.7,133.8833,25.0,33.0,77.0,5.66,AU,1610837432.0
kavaratti,10.5669,72.642,27.38,76.0,0.0,2.61,IN,1610837432.0
hvolsvollur,63.7533,-20.2243,1.67,93.0,100.0,9.39,IS,1610837432.0
rabaul,-4.1967,152.1721,27.5,76.0,75.0,1.0,PG,1610837432.0
nikolskoye,59.7035,30.7861,-12.0,85.0,75.0,3.0,RU,1610837432.0
rabak,13.1809,32.74,21.15,20.0,0.0,5.82,SD,1610837432.0
lannion,48.75,-3.4167,8.0,81.0,75.0,4.63,FR,1610837432.0
hauterive,46.0901,3.4459,7.0,70.0,90.0,5.14,FR,1610837432.0
keetmanshoop,-26.5833,18.1333,22.69,36.0,0.0,4.6,NA,1610837432.0
tikhvin,59.6451,33.5294,-20.81,91.0,0.0,1.4,RU,1610837432.0
sao filipe,14.8961,-24.4956,22.16,75.0,77.0,3.91,CV,1610837433.0
te anau,-45.4167,167.7167,13.03,89.0,96.0,2.61,NZ,1610837433.0
platteville,42.7342,-90.4785,1.11,100.0,90.0,3.6,US,1610837433.0
xam nua,20.4197,104.0439,13.39,93.0,100.0,1.25,LA,1610837433.0
akcakoca,41.0866,31.1162,1.78,92.0,100.0,3.16,TR,1610837433.0
tigil,57.8,158.6667,-16.3,89.0,84.0,1.72,RU,1610837433.0
havre-saint-pierre,50.2334,-63.5986,-2.0,80.0,90.0,3.6,CA,1610837433.0
manta,-0.95,-80.7333,25.0,78.0,75.0,4.12,EC,1610837251.0
moses lake,47.1301,-119.2781,5.0,75.0,90.0,4.63,US,1610837433.0
laureles,26.1092,-97.4941,17.78,39.0,1.0,6.17,US,1610837433.0
champagnole,46.7445,5.9135,-0.56,97.0,100.0,2.68,FR,1610837433.0
onega,63.9061,38.1404,-18.42,93.0,80.0,1.18,RU,1610837433.0
gushikawa,26.3544,127.8686,14.0,88.0,90.0,6.69,JP,1610837433.0
south sioux city,42.4739,-96.4136,-3.0,80.0,90.0,7.2,US,1610837433.0
ambulu,-8.345,113.6058,24.11,84.0,100.0,1.57,ID,1610837433.0
los llanos de aridane,28.6585,-17.9182,18.0,55.0,90.0,4.63,ES,1610837433.0
pevek,69.7008,170.3133,-28.36,84.0,65.0,2.37,RU,1610837434.0
lima,-12.0432,-77.0282,23.33,73.0,0.0,5.14,PE,1610837205.0
lorengau,-2.0226,147.2712,29.49,74.0,88.0,6.09,PG,1610837434.0
lagunas,-5.2269,-75.6753,26.07,93.0,97.0,0.98,PE,1610837434.0
ucluelet,48.9329,-125.5528,9.0,81.0,75.0,3.6,CA,1610837434.0
vao,-22.6667,167.4833,25.42,88.0,100.0,4.9,NC,1610837434.0
khash,28.2211,61.2158,5.87,47.0,0.0,0.15,IR,1610837434.0
qaqortoq,60.7167,-46.0333,-8.0,53.0,75.0,4.63,GL,1610837434.0
jieshi,22.8134,115.8257,12.59,70.0,0.0,5.88,CN,1610837434.0
rexburg,43.826,-111.7897,-4.0,100.0,90.0,1.01,US,1610837434.0
guerrero negro,27.9769,-114.0611,24.24,19.0,0.0,5.24,MX,1610837172.0
glazov,58.1394,52.6584,-12.64,95.0,100.0,2.9,RU,1610837439.0
scottsbluff,41.8666,-103.6672,6.0,36.0,90.0,11.32,US,1610837205.0
namibe,-15.1961,12.1522,23.21,71.0,28.0,3.29,AO,1610837439.0
dinar,38.065,30.1656,5.0,87.0,75.0,3.6,TR,1610837439.0
havoysund,70.9963,24.6622,2.0,87.0,40.0,2.06,NO,1610837439.0
zhigansk,66.7697,123.3711,-36.03,83.0,100.0,2.77,RU,1610837440.0
cayenne,4.9333,-52.3333,26.0,83.0,90.0,0.51,GF,1610837440.0
yanggu,36.1106,115.7753,-4.23,81.0,2.0,1.57,CN,1610837440.0
akyab,20.15,92.9,15.51,77.0,76.0,2.95,MM,1610837440.0
mega,4.05,38.3,16.39,60.0,58.0,3.05,ET,1610837440.0
weligama,5.9667,80.4167,23.69,88.0,100.0,3.14,LK,1610837440.0
ostrovnoy,68.0531,39.5131,-0.8,98.0,100.0,5.75,RU,1610837440.0
aklavik,68.2191,-135.0107,-27.0,83.0,20.0,2.57,CA,1610837440.0
atasu,48.6814,71.6433,-13.38,93.0,38.0,3.56,KZ,1610837440.0
husavik,66.0449,-17.3389,0.0,100.0,90.0,0.51,IS,1610837440.0
urumqi,43.801,87.6005,-21.0,84.0,40.0,6.69,CN,1610837440.0
lasa,46.6166,10.7002,-4.44,79.0,0.0,3.6,IT,1610837440.0
grindavik,63.8424,-22.4338,2.0,87.0,75.0,10.29,IS,1610837440.0
kosh-agach,50.0,88.6667,-21.4,66.0,47.0,0.36,RU,1610837440.0
da nang,16.0678,108.2208,19.0,94.0,75.0,2.06,VN,1610837440.0
krasnovishersk,60.4078,57.082,-14.22,94.0,100.0,2.21,RU,1610837441.0
bambous virieux,-20.3428,57.7575,26.67,89.0,40.0,3.6,MU,1610837441.0
cardston,49.2,-113.3019,4.0,35.0,100.0,4.63,CA,1610837441.0
bellview,30.4616,-87.315,12.0,35.0,1.0,2.57,US,1610837441.0
cerna hora,49.4136,16.5814,-4.44,60.0,100.0,5.09,CZ,1610837441.0
bilma,18.6853,12.9164,17.55,29.0,7.0,1.25,NE,1610837441.0
bodden town,19.2833,-81.25,26.0,83.0,75.0,5.66,KY,1610837441.0
lampa,-33.2833,-70.9,28.89,23.0,0.0,7.72,CL,1610837225.0
laguna,38.421,-121.4238,21.11,45.0,1.0,1.96,US,1610837441.0
saldanha,-33.0117,17.9442,18.0,82.0,0.0,3.09,ZA,1610837441.0
kula,38.5473,28.6498,-1.76,99.0,100.0,3.79,TR,1610837441.0
milkovo,54.7167,158.6167,-16.59,93.0,100.0,1.82,RU,1610837441.0
bousso,10.4795,16.7117,21.65,22.0,27.0,1.66,TD,1610837442.0
buala,-8.145,159.5921,29.52,65.0,82.0,3.12,SB,1610837442.0
saint-francois,46.4154,3.9054,1.0,93.0,90.0,1.54,FR,1610837442.0
mahibadhoo,3.7833,72.9667,27.37,71.0,93.0,4.07,MV,1610837442.0
sibolga,1.7427,98.7792,24.2,71.0,100.0,1.38,ID,1610837442.0
nisia floresta,-6.0911,-35.2086,27.0,65.0,0.0,6.69,BR,1610837442.0
bilibino,68.0546,166.4372,-26.61,85.0,100.0,0.41,RU,1610837442.0
arequipa,-16.3989,-71.535,15.0,72.0,75.0,6.69,PE,1610837442.0
dalby,-27.1833,151.2667,26.67,58.0,23.0,1.34,AU,1610837442.0
weatherford,32.7593,-97.7972,13.89,28.0,59.0,0.89,US,1610837442.0
port-gentil,-0.7193,8.7815,27.0,89.0,20.0,2.06,GA,1610837442.0
komsomolskiy,40.4272,71.7189,2.0,60.0,0.0,4.12,UZ,1610837442.0
benghazi,32.1167,20.0667,14.26,70.0,67.0,5.8,LY,1610837442.0
bayangol,50.6977,103.4656,-26.07,83.0,96.0,1.44,RU,1610837442.0
saint-pierre,-21.3393,55.4781,26.0,73.0,40.0,2.57,RE,1610837442.0
gatesville,31.4352,-97.7439,15.0,17.0,1.0,0.95,US,1610837340.0
papara,-3.9839,-38.7273,28.0,78.0,0.0,3.6,BR,1610837448.0
bireun,5.203,96.7009,24.6,86.0,100.0,3.24,ID,1610837448.0
batemans bay,-35.7167,150.1833,18.89,57.0,0.0,1.34,AU,1610837448.0
mount isa,-20.7333,139.5,29.0,14.0,4.0,6.69,AU,1610837448.0
fuling,29.7022,107.3919,5.17,81.0,100.0,0.81,CN,1610837448.0
marienburg,54.0359,19.0266,-10.0,100.0,87.0,2.87,PL,1610837448.0
hirado,33.3597,129.5531,5.0,56.0,75.0,9.26,JP,1610837448.0
cascais,38.6979,-9.4215,9.44,77.0,0.0,2.7,PT,1610837448.0
moose factory,51.2585,-80.6094,-10.0,85.0,90.0,5.66,CA,1610837448.0
mastic beach,40.7668,-72.8521,7.0,70.0,40.0,4.63,US,1610837448.0
powell river,49.8496,-124.5361,6.0,100.0,90.0,2.06,CA,1610837448.0
talnakh,69.4865,88.3972,-32.19,69.0,0.0,3.1,RU,1610837448.0
otradnoye,59.7775,30.8181,-12.0,85.0,75.0,3.0,RU,1610837448.0
mirnyy,62.5353,113.9611,-43.58,78.0,93.0,2.28,RU,1610837448.0
alihe,50.5667,123.7167,-28.19,84.0,3.0,1.0,CN,1610837448.0
suntar,62.1444,117.6319,-45.77,75.0,67.0,2.16,RU,1610837449.0
puerto palomas,31.7667,-107.6167,19.0,9.0,20.0,8.75,MX,1610837171.0
saint anthony,45.0205,-93.218,-1.67,74.0,90.0,5.66,US,1610837449.0
hay river,60.8156,-115.7999,-15.0,78.0,100.0,2.06,CA,1610837449.0
zaranj,30.9667,61.8833,7.48,46.0,0.0,2.23,AF,1610837449.0
sinnamary,5.3833,-52.95,25.54,83.0,72.0,5.47,GF,1610837449.0
kemijarvi,66.7131,27.4306,-9.02,95.0,85.0,1.91,FI,1610837449.0
coquimbo,-29.9533,-71.3436,17.0,77.0,20.0,4.63,CL,1610837449.0
poum,-20.2333,164.0167,28.22,74.0,98.0,0.75,NC,1610837449.0
suicheng,33.8963,117.9331,-2.11,82.0,19.0,2.08,CN,1610837449.0
kenai,60.5544,-151.2583,2.22,64.0,90.0,13.38,US,1610837449.0
belaya gora,68.5333,146.4167,-32.5,84.0,100.0,0.42,RU,1610837449.0
tambura,5.6,27.4667,21.27,28.0,70.0,1.8,SS,1610837449.0
yeppoon,-23.1333,150.7333,28.0,65.0,100.0,2.57,AU,1610837218.0
anadyr,64.75,177.4833,-20.56,77.0,40.0,4.0,RU,1610837449.0
oxelosund,58.6706,17.1015,-3.0,93.0,75.0,1.03,SE,1610837450.0
shiyan,32.6475,110.7781,0.57,70.0,95.0,2.8,CN,1610837450.0
birjand,32.8663,59.2211,0.0,25.0,0.0,2.06,IR,1610837297.0
jasper,37.2001,-94.3502,5.0,56.0,1.0,4.63,US,1610837450.0
mahebourg,-20.4081,57.7,26.0,89.0,40.0,3.6,MU,1610837450.0
nouadhibou,20.931,-17.0347,20.0,28.0,80.0,7.2,MR,1610837450.0
les cayes,18.2,-73.75,24.32,74.0,100.0,1.09,HT,1610837450.0
woodward,36.4337,-99.3904,12.0,43.0,1.0,4.63,US,1610837450.0
severo-kurilsk,50.6789,156.125,-0.28,98.0,100.0,9.58,RU,1610837450.0
andenes,69.3143,16.1194,1.67,100.0,90.0,4.12,NO,1610837450.0
eston,51.1501,-108.7514,1.0,80.0,20.0,6.69,CA,1610837389.0
tiznit,29.5833,-9.5,11.82,52.0,0.0,0.79,MA,1610837311.0
filadelfia,39.9523,-75.1638,6.67,56.0,40.0,3.09,US,1610837328.0
rawson,-43.3002,-65.1023,16.46,48.0,0.0,9.33,AR,1610837450.0
montepuez,-13.1256,38.9997,21.46,95.0,100.0,1.2,MZ,1610837450.0
morondava,-20.2833,44.2833,28.19,72.0,11.0,0.94,MG,1610837450.0
tucumcari,35.1717,-103.725,11.0,25.0,1.0,5.14,US,1610837285.0
chakwal,32.9334,72.8585,7.6,53.0,0.0,0.75,PK,1610837451.0
termiz,37.2242,67.2783,2.0,80.0,0.0,1.03,UZ,1610837456.0
acari,-15.4311,-74.6158,23.47,65.0,74.0,3.08,PE,1610837456.0
stara synyava,49.6032,27.6191,-13.86,94.0,1.0,2.05,UA,1610837456.0
kudahuvadhoo,2.6708,72.8944,27.52,69.0,100.0,4.67,MV,1610837456.0
andrelandia,-21.7397,-44.3092,18.88,92.0,85.0,2.52,BR,1610837456.0
syracuse,37.0881,15.2792,7.22,65.0,0.0,4.63,IT,1610837456.0
volosovo,59.4333,29.4833,-12.0,85.0,75.0,3.0,RU,1610837456.0
donghai,22.9459,115.642,10.95,67.0,0.0,3.6,CN,1610837456.0
katsuura,35.1333,140.3,6.11,61.0,75.0,3.09,JP,1610837456.0
nome,64.5011,-165.4064,-11.0,79.0,90.0,1.89,US,1610837456.0
fairbanks,64.8378,-147.7164,-10.56,77.0,1.0,1.46,US,1610837423.0
mersing,2.4312,103.8405,26.0,83.0,100.0,4.63,MY,1610837456.0
kalino,58.2504,57.6085,-13.0,94.0,97.0,3.09,RU,1610837456.0
nadym,65.5333,72.5167,-23.2,91.0,98.0,3.27,RU,1610837456.0
vostok,46.4856,135.8833,-26.99,88.0,51.0,1.59,RU,1610837457.0
athens,37.9795,23.7162,4.44,75.0,90.0,7.2,GR,1610837457.0
dudinka,69.4058,86.1778,-32.78,75.0,20.0,3.24,RU,1610837457.0
meulaboh,4.1363,96.1285,24.47,82.0,100.0,1.67,ID,1610837457.0
villa union,23.2,-106.2333,25.0,47.0,40.0,2.57,MX,1610837457.0
hambantota,6.1241,81.1185,24.33,84.0,100.0,3.0,LK,1610837457.0
kailua,21.4022,-157.7394,27.0,61.0,20.0,4.63,US,1610837457.0
kurchum,48.5722,83.6542,-15.27,77.0,27.0,1.87,KZ,1610837457.0
aksu,41.1231,80.2644,-11.26,87.0,0.0,1.13,CN,1610837457.0
carahue,-38.7,-73.1667,20.0,60.0,0.0,6.69,CL,1610837457.0
ancud,-41.8697,-73.8203,16.67,72.0,90.0,2.06,CL,1610837457.0
tura,25.5198,90.2201,12.46,60.0,68.0,1.37,IN,1610837457.0
raudeberg,61.9875,5.1352,2.22,59.0,96.0,4.14,NO,1610837457.0
khudumelapye,-23.8833,24.75,26.15,50.0,78.0,1.92,BW,1610837457.0
launceston,-41.45,147.1667,12.78,62.0,96.0,4.63,AU,1610837311.0
grevesmuhlen,53.8667,11.1833,-3.33,90.0,100.0,0.89,DE,1610837458.0
honiara,-9.4333,159.95,29.85,63.0,88.0,1.45,SB,1610837458.0
kysyl-syr,63.8986,122.7617,-40.29,79.0,96.0,2.68,RU,1610837458.0
sorland,67.667,12.6934,3.21,79.0,55.0,1.27,NO,1610837458.0
westport,41.1415,-73.3579,6.0,70.0,90.0,5.66,US,1610837262.0
mahon,39.8885,4.2658,6.0,81.0,0.0,2.57,ES,1610837458.0
sao miguel,-5.4667,-35.3667,27.0,69.0,20.0,5.14,BR,1610837458.0
newcastle,-32.9272,151.7765,26.11,43.0,0.0,4.12,AU,1610837458.0
suoyarvi,62.0833,32.35,-15.07,95.0,36.0,1.95,RU,1610837458.0
atherton,53.5237,-2.4935,7.22,79.0,80.0,2.24,GB,1610837458.0
olga,43.7444,135.2892,-19.93,82.0,0.0,3.13,RU,1610837458.0
ameca,20.55,-104.0333,25.56,33.0,99.0,1.34,MX,1610837458.0
northam,51.0333,-4.2167,7.78,77.0,26.0,5.81,GB,1610837458.0
doha,25.2867,51.5333,18.0,72.0,0.0,2.83,QA,1610837273.0
issoire,45.55,3.25,7.0,70.0,90.0,5.14,FR,1610837458.0
geraldton,-28.7667,114.6,30.0,32.0,75.0,12.86,AU,1610837459.0
mafinga,-7.25,35.0667,19.01,86.0,89.0,1.2,TZ,1610837459.0
ibra,22.6906,58.5334,13.75,78.0,0.0,2.19,OM,1610837459.0
phangnga,8.4509,98.5298,24.0,88.0,20.0,1.03,TH,1610837459.0
zhezkazgan,47.8043,67.7144,-10.56,95.0,0.0,2.9,KZ,1610837459.0
viedma,-40.8135,-62.9967,17.78,65.0,96.0,7.49,AR,1610837464.0
olafsvik,64.8945,-23.7142,2.61,95.0,100.0,8.6,IS,1610837464.0
chumikan,54.7183,135.315,-29.94,82.0,31.0,3.84,RU,1610837464.0
omsukchan,62.5333,155.8,-39.59,79.0,21.0,1.95,RU,1610837464.0
maraa,-1.8333,-65.3667,25.7,83.0,4.0,0.51,BR,1610837464.0
hope,33.6671,-93.5916,9.44,37.0,0.0,1.79,US,1610837464.0
syamzha,60.0158,41.0614,-23.86,89.0,97.0,3.31,RU,1610837464.0
muros,42.7762,-9.0603,10.56,92.0,1.0,0.45,ES,1610837465.0
parthenay,46.6667,-0.4167,10.56,96.0,100.0,4.92,FR,1610837465.0
barranca,-10.75,-77.7667,21.97,81.0,69.0,2.89,PE,1610837465.0
pfungstadt,49.8064,8.6069,-0.56,91.0,100.0,3.09,DE,1610837465.0
wonthaggi,-38.6044,145.5913,16.67,59.0,96.0,6.09,AU,1610837465.0
batagay-alyta,67.8006,130.4114,-34.32,83.0,100.0,0.83,RU,1610837465.0
nelson bay,-32.7167,152.15,23.89,43.0,0.0,4.12,AU,1610837465.0
iwanai,42.9744,140.5089,-5.73,94.0,96.0,2.11,JP,1610837465.0
sergeyevka,53.88,67.4158,-10.41,95.0,81.0,6.08,KZ,1610837465.0
strezhevoy,60.7333,77.5889,-14.0,92.0,20.0,5.0,RU,1610837465.0
lac du bonnet,50.2536,-96.0612,-9.44,100.0,83.0,1.34,CA,1610837465.0
mogadishu,2.0371,45.3438,24.7,85.0,0.0,8.98,SO,1610837465.0
terney,45.0503,136.6092,-19.67,85.0,5.0,5.29,RU,1610837466.0
ginda,30.6945,78.4932,8.3,38.0,0.0,2.4,IN,1610837466.0
keffi,8.8486,7.8736,24.0,57.0,25.0,1.54,NG,1610837466.0
andilamena,-17.0167,48.5833,18.45,94.0,74.0,1.63,MG,1610837466.0
mana,5.6592,-53.7767,25.27,82.0,28.0,4.89,GF,1610837466.0
asfi,32.2994,-9.2372,11.31,77.0,23.0,7.32,MA,1610837466.0
riyadh,24.6877,46.7219,17.0,42.0,0.0,2.06,SA,1610837313.0
nerchinskiy zavod,51.3088,119.61,-31.66,81.0,94.0,1.19,RU,1610837466.0
perote,19.5667,-97.2333,10.29,87.0,100.0,2.3,MX,1610837466.0
benalla,-36.55,145.9833,16.11,55.0,0.0,5.66,AU,1610837467.0
angoche,-16.2325,39.9086,26.97,86.0,94.0,3.68,MZ,1610837282.0
vikhorevka,56.1201,101.1636,-24.0,77.0,40.0,4.0,RU,1610837296.0
warri,5.5167,5.75,25.38,82.0,73.0,2.78,NG,1610837467.0
mandalgovi,45.7625,106.2708,-18.57,76.0,10.0,4.23,MN,1610837467.0
irece,-11.3042,-41.8558,22.24,77.0,96.0,5.16,BR,1610837467.0
trairi,-3.2778,-39.2689,26.09,82.0,17.0,4.43,BR,1610837467.0
tanete,-3.9443,119.7848,24.95,86.0,100.0,2.09,ID,1610837467.0
hanzhong,33.0728,107.0303,-1.94,70.0,76.0,0.41,CN,1610837185.0
de land,29.0283,-81.3031,14.0,47.0,1.0,5.14,US,1610837467.0
kenitra,34.261,-6.5802,6.0,93.0,0.0,1.76,MA,1610837467.0
las vegas,36.175,-115.1372,23.0,15.0,1.0,7.2,US,1610837395.0
yerbogachen,61.2767,108.0108,-44.9,76.0,53.0,1.26,RU,1610837467.0
santa cruz cabralia,-16.2781,-39.0247,26.0,73.0,20.0,4.12,BR,1610837468.0
gevgelija,41.1392,22.5025,-1.11,66.0,18.0,2.24,MK,1610837468.0
aykino,62.2248,49.9922,-21.28,90.0,94.0,4.42,RU,1610837468.0
dzaoudzi,-12.7887,45.2699,27.0,83.0,0.0,1.03,YT,1610837468.0
naze,28.3667,129.4833,13.0,67.0,75.0,9.26,JP,1610837468.0
calvinia,-31.4707,19.776,14.91,71.0,0.0,1.87,ZA,1610837468.0
vila,42.0304,-8.1588,9.44,87.0,0.0,3.09,PT,1610837473.0
pundaguitan,6.3711,126.1689,27.21,77.0,100.0,2.81,PH,1610837473.0
castelo branco,39.8222,-7.4909,3.33,82.0,1.0,0.89,PT,1610837473.0
carbonia,39.1672,8.5222,6.11,87.0,40.0,1.03,IT,1610837473.0
loubomo,-4.1997,12.6739,21.17,95.0,89.0,1.6,CG,1610837473.0
general pico,-35.6566,-63.7568,22.61,29.0,20.0,5.48,AR,1610837292.0
xining,36.6167,101.7667,-14.53,77.0,18.0,1.34,CN,1610837474.0
kroya,-7.6331,109.2461,24.53,89.0,100.0,1.71,ID,1610837474.0
nantucket,41.2835,-70.0995,6.67,100.0,90.0,4.63,US,1610837401.0
sunland park,31.7965,-106.58,19.0,9.0,1.0,6.69,US,1610837474.0
inhambane,-23.865,35.3833,27.05,87.0,33.0,4.06,MZ,1610837474.0
touba,8.2833,-7.6833,23.67,19.0,79.0,0.37,CI,1610837474.0
maceio,-9.6658,-35.7353,25.0,83.0,20.0,3.6,BR,1610837474.0
sampit,-2.5333,112.95,23.02,94.0,100.0,0.83,ID,1610837474.0
tessalit,20.1986,1.0114,15.32,24.0,98.0,3.75,ML,1610837474.0
timizart,36.8,4.2667,6.32,83.0,75.0,0.93,DZ,1610837433.0
praia,14.9215,-23.5087,22.0,68.0,75.0,7.72,CV,1610837475.0
rancho palos verdes,33.7445,-118.387,27.0,16.0,1.0,2.27,US,1610837475.0
rauma,61.1272,21.5113,-9.0,92.0,90.0,2.06,FI,1610837475.0
san jose,37.3394,-121.895,23.33,40.0,40.0,2.57,US,1610837228.0
huangmei,30.1924,116.025,1.55,83.0,74.0,2.09,CN,1610837475.0
kovdor,67.5662,30.4758,-8.17,97.0,94.0,1.48,RU,1610837475.0
lewiston,44.1003,-70.2148,8.89,93.0,90.0,4.12,US,1610837475.0
kishapu,-3.6167,33.8667,18.49,90.0,27.0,1.46,TZ,1610837475.0
sumbe,-11.2061,13.8437,23.4,85.0,31.0,4.2,AO,1610837475.0
ekhabi,53.5102,142.9671,-28.24,87.0,35.0,5.56,RU,1610837476.0
san vicente,-26.6167,-54.1333,23.72,86.0,39.0,1.41,AR,1610837476.0
codrington,-38.2667,141.9667,14.81,62.0,83.0,5.63,AU,1610837476.0
